{"cameraMode":{"drawMode":0,"name":"Shaded","section":"Shading Mode"},"sceneLighting":false,"audioPlay":false,"sceneViewState":{"showFog":true,"showMaterialUpdate":false,"showSkybox":true,"showFlares":true,"showImageEffects":true,"showParticleSystems":true},"in2DMode":false,"pivot":{"x":0.0,"y":-4.590000152587891,"z":1.100000023841858},"rotation":{"x":0.00031097131432034075,"y":0.9978891015052795,"z":-0.06476340442895889,"w":0.004790912382304668},"size":6.252155303955078,"orthographic":false}