{"cameraMode":{"drawMode":0,"name":"Shaded","section":"Shading Mode"},"sceneLighting":false,"audioPlay":false,"sceneViewState":{"showFog":true,"showMaterialUpdate":false,"showSkybox":true,"showFlares":true,"showImageEffects":true,"showParticleSystems":true},"in2DMode":false,"pivot":{"x":-3.450798749923706,"y":-8.510000228881836,"z":3.7248916625976564},"rotation":{"x":0.0034387412015348675,"y":0.991663932800293,"z":-0.12592698633670808,"w":0.02708015963435173},"size":11.56041431427002,"orthographic":false}