{"cameraMode":{"drawMode":0,"name":"Shaded","section":"Shading Mode"},"sceneLighting":true,"audioPlay":false,"sceneViewState":{"showFog":true,"showMaterialUpdate":false,"showSkybox":true,"showFlares":true,"showImageEffects":true,"showParticleSystems":true},"in2DMode":false,"pivot":{"x":0.0001010894775390625,"y":-7.25,"z":1.100000023841858},"rotation":{"x":-0.002347295405343175,"y":0.997626781463623,"z":-0.044923506677150729,"w":-0.052127253264188769},"size":9.097049713134766,"orthographic":false}