{"cameraMode":{"drawMode":0,"name":"Shaded","section":"Shading Mode"},"sceneLighting":true,"audioPlay":false,"sceneViewState":{"showFog":true,"showMaterialUpdate":false,"showSkybox":true,"showFlares":true,"showImageEffects":true,"showParticleSystems":true},"in2DMode":false,"pivot":{"x":0.002017974853515625,"y":-0.5382537841796875,"z":4.765172958374023},"rotation":{"x":0.008801216259598732,"y":0.9870169758796692,"z":-0.05811316519975662,"w":0.1494755744934082},"size":20.441429138183595,"orthographic":false}