{"cameraMode":{"drawMode":0,"name":"Shaded","section":"Shading Mode"},"sceneLighting":true,"audioPlay":false,"sceneViewState":{"showFog":true,"showMaterialUpdate":false,"showSkybox":true,"showFlares":true,"showImageEffects":true,"showParticleSystems":true},"in2DMode":false,"pivot":{"x":479.90802001953127,"y":273.54998779296877,"z":0.0},"rotation":{"x":0.014829746447503567,"y":-0.15000750124454499,"z":0.00225002015940845,"w":0.9885711669921875},"size":245.6533660888672,"orthographic":false}