{"cameraMode":{"drawMode":0,"name":"Shaded","section":"Shading Mode"},"sceneLighting":true,"audioPlay":false,"sceneViewState":{"showFog":true,"showMaterialUpdate":false,"showSkybox":true,"showFlares":true,"showImageEffects":true,"showParticleSystems":true},"in2DMode":false,"pivot":{"x":-0.04994487762451172,"y":12.899999618530274,"z":0.7269816994667053},"rotation":{"x":0.0035978001542389395,"y":-0.996261477470398,"z":0.06885132938623429,"w":0.052055295556783679},"size":36.251800537109378,"orthographic":false}