{"cameraMode":{"drawMode":0,"name":"Shaded","section":"Shading Mode"},"sceneLighting":false,"audioPlay":false,"sceneViewState":{"showFog":true,"showMaterialUpdate":false,"showSkybox":true,"showFlares":true,"showImageEffects":true,"showParticleSystems":true},"in2DMode":false,"pivot":{"x":0.0,"y":-11.670000076293946,"z":1.100000023841858},"rotation":{"x":0.013940215110778809,"y":-0.9680259227752686,"z":0.055237267166376117,"w":0.24429579079151154},"size":15.535163879394532,"orthographic":false}