{"cameraMode":{"drawMode":0,"name":"Shaded","section":"Shading Mode"},"sceneLighting":false,"audioPlay":false,"sceneViewState":{"showFog":true,"showMaterialUpdate":false,"showSkybox":true,"showFlares":true,"showImageEffects":true,"showParticleSystems":true},"in2DMode":false,"pivot":{"x":0.23757171630859376,"y":-7.25,"z":1.100000023841858},"rotation":{"x":-0.0049298470839858059,"y":0.9950048327445984,"z":-0.06457645446062088,"w":-0.07596682757139206},"size":5.883038520812988,"orthographic":false}