{"cameraMode":{"drawMode":0,"name":"Shaded","section":"Shading Mode"},"sceneLighting":false,"audioPlay":false,"sceneViewState":{"showFog":true,"showMaterialUpdate":false,"showSkybox":true,"showFlares":true,"showImageEffects":true,"showParticleSystems":true},"in2DMode":false,"pivot":{"x":-11.5600004196167,"y":12.0,"z":1.0426816940307618},"rotation":{"x":0.0035978001542389395,"y":-0.996261477470398,"z":0.06885132938623429,"w":0.052055295556783679},"size":6.667362213134766,"orthographic":false}