{"cameraMode":{"drawMode":0,"name":"Shaded","section":"Shading Mode"},"sceneLighting":false,"audioPlay":false,"sceneViewState":{"showFog":true,"showMaterialUpdate":false,"showSkybox":true,"showFlares":true,"showImageEffects":true,"showParticleSystems":true},"in2DMode":false,"pivot":{"x":0.0001010894775390625,"y":-9.619999885559082,"z":1.100000023841858},"rotation":{"x":0.0034387412015348675,"y":0.991663932800293,"z":-0.12592698633670808,"w":0.02708015963435173},"size":2.6031200885772707,"orthographic":false}