{"cameraMode":{"drawMode":0,"name":"Shaded","section":"Shading Mode"},"sceneLighting":true,"audioPlay":false,"sceneViewState":{"showFog":true,"showMaterialUpdate":false,"showSkybox":true,"showFlares":true,"showImageEffects":true,"showParticleSystems":true},"in2DMode":false,"pivot":{"x":18.87578773498535,"y":-0.39999961853027346,"z":1.0426816940307618},"rotation":{"x":0.00820796936750412,"y":0.9870421886444092,"z":-0.1510043442249298,"w":0.05364856496453285},"size":6.852154731750488,"orthographic":false}